Team,Country,Language,LanguageFamily
FC Prilly,Switzerland,0,0
Bari,Italy,Italian,Romance
Hoffenheim II,Germany,German,Germanic
Dessel Sport,Belgium,French,Romance
Renate,Italy,Italian,Romance
Zenit II,Russia,Russian,Slavic
Táchira,Venezuela,Spanish,Romance
Parma Calcio,Italy,Italian,Romance
SV Darmstadt 98,Germany,German,Germanic
APOEL Nikosia,Cyprus,Greek,Hellenic
AC Le Havre,France,French,Romance
Osmanlispor,Turkey,Turkish,Turkic
RC Lens,France,French,Romance
Standard Res.,Belgium,French,Romance
Anzio,Italy,Italian,Romance
Djurgarden,Sweden,Swedish,Germanic
NK Osijek,Croatia,Croatian,Slavic
Kansas City,United States,English,Germanic
H. Beer Sheva,Israel,Hebrew,Semitic
Ekenäs IF,Finland,Finnish,Finnic
Castellanzese,Italy,Italian,Romance
Olymp. Lyon B,France,French,Romance
Athletic Adjamé,Ivory Coast,French,Romance
KS Samara,Russia,Russian,Slavic
Aargau U21,Switzerland,0,0
Tochigi SC,Japan,Japanese,Japonic
FC Aarau,Switzerland,0,0
UD Levante,Spain,Spanish,Romance
FC Cadenazzo,Switzerland,0,0
Alashkert,Armenia,Armenian,Armenian
West Ham U23,England,English,Germanic
FC Augsburg,Germany,German,Germanic
Esperance,Tunisia,French,Romance
Legia Warschau,Poland,Polish,Slavic
FC Naters,Switzerland,0,0
Grasshopper Club Zürich,Switzerland,0,0
BSC YB U21,Switzerland,0,0
Ponferradina,Spain,Spanish,Romance
Charlotte Ind.,United States,English,Germanic
Pro Vercelli,Italy,Italian,Romance
FC Sochaux,France,French,Romance
Barracas C.,Argentina,Spanish,Romance
Haladás,Hungary,Hungarian,Ugric
VfL Osnabrück,Germany,German,Germanic
NK Zagreb,Croatia,Croatian,Slavic
Hansa Rostock,Germany,German,Germanic
D. Concepción,Chile,Spanish,Romance
FC Portalban,Switzerland,0,0
Hamrun Spart.,Malta,Maltese,Semitic
Clodiense,Italy,Italian,Romance
K. Offenbach,Germany,German,Germanic
ES Troyes AC,France,French,Romance
FC Southampton,England,English,Germanic
JX Liansheng,China,Chinese,Sinitic
Caxias-RS,Brazil,Portuguese,Romance
Yverdon-Sports FC II (U21),Switzerland,0,0
GC Biaschesi,Switzerland,0,0
Al-Jazira,United Arab Emirates,Arabic,Semitic
APO Levadiakos,Greece,Greek,Hellenic
Ascoli,Italy,Italian,Romance
Bröndby IF,Denmark,Danish,Germanic
Bayern München,Germany,German,Germanic
Roter Stern,Serbia,Serbian,Slavic
SC Kriens,Switzerland,0,0
"Suwon Bluewings,""Korea, South"",Korean,Koreanic"
Chicago Fire,United States,English,Germanic
Strømsgodset,Norway,Norwegian,Germanic
Zenit S-Pb,Russia,Russian,Slavic
AOK Kerkyra,Greece,Greek,Hellenic
Schwamendingen,Switzerland,0,0
FK Rostov,Russia,Russian,Slavic
SC Freiburg,Germany,German,Germanic
Orlando City SC,United States,English,Germanic
FC Fulham,England,English,Germanic
FC Utrecht,Netherlands,Dutch,Germanic
Fréjus-St-Raph.,France,French,Romance
SC Cambuur,Netherlands,Dutch,Germanic
Central Coast,Australia,English,Germanic
AS Livorno,Italy,Italian,Romance
Red Star FC,France,French,Romance
Herediano,Costa Rica,Spanish,Romance
Udinese Calcio,Italy,Italian,Romance
Wolves U23,England,English,Germanic
Zeljeznicar,Bosnia-Herzegovina,Bosnian,Slavic
Chur 97,Switzerland,0,0
Shimizu S-Pulse,Japan,Japanese,Japonic
Genua CFC,Italy,Italian,Romance
Brescia,Italy,Italian,Romance
Kayserispor,Turkey,Turkish,Turkic
FC Heartland,Nigeria,English,Germanic
FC Schalke 04,Germany,German,Germanic
FSV Bissingen,Germany,German,Germanic
Fulham U23,England,English,Germanic
Ural,Russia,Russian,Slavic
C. Rizespor,Turkey,Turkish,Turkic
Bnei Yehuda,Israel,Hebrew,Semitic
SC Cham,Switzerland,0,0
Losone,Switzerland,0,0
AC Bellinzona,Switzerland,0,0
Newcastle Utd.,England,English,Germanic
Glasgow Rangers,Scotland,English,Germanic
WAFA SC,Ghana,Asante,0
Sandnes Ulf,Norway,Norwegian,Germanic
OC Blues FC,United States,English,Germanic
Pergolettese,Italy,Italian,Romance
Cerezo Osaka,Japan,Japanese,Japonic
Erzgebirge Aue,Germany,German,Germanic
Samsunspor,Turkey,Turkish,Turkic
Smouha,Egypt,Arabic,Semitic
FC Groningen,Netherlands,Dutch,Germanic
RFS,Latvia,Latvian,Baltic
Stade Rennes,France,French,Romance
Juventus U23,Italy,Italian,Romance
FC Girona,Spain,Spanish,Romance
FK Tuzla City,Bosnia-Herzegovina,Bosnian,Slavic
Latina Calcio,Italy,Italian,Romance
Guarani,Paraguay,Spanish,Romance
1.FC K'lautern,Germany,German,Germanic
Ludogorets,Bulgaria,Bulgarian,Slavic
Tombense,Brazil,Portuguese,Romance
US Giubiasco,Switzerland,0,0
Palmeiras,Brazil,Portuguese,Romance
Buriram Utd.,Thailand,Thai,Tai-Kaidai
Dundee United,Scotland,English,Germanic
Montpellier,France,French,Romance
Servette U18,Switzerland,0,0
AIK Solna,Sweden,Swedish,Germanic
Hajduk Split,Croatia,Croatian,Slavic
Union Ripa,Italy,Italian,Romance
Kaposvár,Hungary,Hungarian,Ugric
Bournemouth,England,English,Germanic
KSC Lokeren,Belgium,French,Romance
Al-Gharafa SC,Qatar,Arabic,Semitic
FK Sarajevo,Bosnia-Herzegovina,Bosnian,Slavic
FC Breitenrain,Switzerland,0,0
Berliner AK,Germany,German,Germanic
Dunajska Streda,Slovakia,Slovak,Slavic
Wigan U23,England,English,Germanic
FC Ingolstadt,Germany,German,Germanic
Holstein Kiel,Germany,German,Germanic
Wigan Athletic,England,English,Germanic
OGC Nizza,France,French,Romance
AC Mailand U19,Italy,Italian,Romance
FC Littau,Switzerland,0,0
Zamalek,Egypt,Arabic,Semitic
SCO Angers B,France,French,Romance
RC Grasse,France,French,Romance
San Lorenzo II,Italy,Italian,Romance
Le Mont LS,France,French,Romance
Septemvri Sofia,Bulgaria,Bulgarian,Slavic
Hapoel Akko,Israel,Hebrew,Semitic
ZSKA Sofia,Bulgaria,Bulgarian,Slavic
AS Nancy U19,France,French,Romance
GC Zürich U21,Switzerland,0,0
Flamengo,Brazil,Portuguese,Romance
FC Basel 1893,Switzerland,0,0
Paris FC,France,French,Romance
FC Brügge,Belgium,French,Romance
Kyoto Sanga,Japan,Japanese,Japonic
AS Tanda,Ivory Coast,French,Romance
Shonan Bellmare,Japan,Japanese,Japonic
FC Monthey,Switzerland,0,0
FC Nantes,France,French,Romance
1.FC Köln,Germany,German,Germanic
Lechia Gdansk,Poland,Polish,Slavic
FC Elche,Spain,Spanish,Romance
Casale,Italy,Italian,Romance
Wrexham,England,English,Germanic
FC Liverpool,England,English,Germanic
Fortaleza EC B,Brazil,Portuguese,Romance
Coritiba FC,Brazil,Portuguese,Romance
Nest-Sotra IL,Norway,Norwegian,Germanic
Inter Mailand,Italy,Italian,Romance
Luzern U21,Switzerland,0,0
Racing Club,Argentina,Spanish,Romance
FC Wohlen U23,Switzerland,0,0
Mosta FC,Malta,Maltese,Semitic
Port Vale,England,English,Germanic
Brisbane Roar,Australia,English,Germanic
MSV Duisburg II,Germany,German,Germanic
FC Porto U19,Portugal,Portuguese,Romance
FK Krasnodar,Russia,Russian,Slavic
FC Grenchen,Switzerland,0,0
FC Porto B,Portugal,Portuguese,Romance
MFK Karvina,Czech Republic,Czech,Slavic
Malmö FF,Sweden,Swedish,Germanic
Botafogo,Brazil,Portuguese,Romance
D.C. United,United States,English,Germanic
Xamax FCS U21,Switzerland,0,0
Bellinzona Jgd.,Switzerland,0,0
Ankaragücü,Turkey,Turkish,Turkic
FC Koper,Slovenia,Slovene,Slavic
Rappi Jugend,Switzerland,0,0
GIF Sundsvall,Sweden,Swedish,Germanic
Stade Tunisien,Tunisia,French,Romance
Slovan Liberec,Czech Republic,Czech,Slavic
Esbjerg fB,Denmark,Danish,Germanic
FC Crotone,Italy,Italian,Romance
FC Basel,Switzerland,0,0
Martigny-Sports,Switzerland,0,0
Rennes B,France,French,Romance
Wisla Krakau,Poland,Polish,Slavic
Esteghlal FC ,Iran,Persian Farsi,Indo-Iranian
FC Riga,Latvia,Latvian,Baltic
Zob Ahan,Iran,Persian Farsi,Indo-Iranian
FC Getafe,Spain,Spanish,Romance
Júbilo Iwata,Japan,Japanese,Japonic
Würzb. Kickers,Germany,German,Germanic
Ross County,Scotland,English,Germanic
Santo André-SP,Brazil,Portuguese,Romance
FSV Frankfurt,Germany,German,Germanic
FC Lorient,France,French,Romance
Sparta Prag,Czech Republic,Czech,Slavic
FC Winterthur,Switzerland,0,0
SCR Altach,Austria,German,Germanic
HNK Rijeka,Croatia,Croatian,Slavic
HN Jianye,China,Chinese,Sinitic
Benfica U23,Portugal,Portuguese,Romance
FC Nitra,Slovakia,Slovak,Slavic
São Bento (SP),Brazil,Portuguese,Romance
FC Voluntari,Romania,Romanian,Romance
FC Aarau II,Switzerland,0,0
Molde,Norway,Norwegian,Germanic
AS Minusio,Switzerland,0,0
FC Cincinnati,United States,English,Germanic
LA Galaxy,United States,English,Germanic
Sloboda Tuzla,Bosnia-Herzegovina,Bosnian,Slavic
Danubio FC,Uruguay,Spanish,Romance
Anzhi,Russia,Russian,Slavic
FC Haka,Finland,Finnish,Finnic
AS Novazzano,Switzerland,0,0
Göztepe,Turkey,Turkish,Turkic
Preußen Münster,Germany,German,Germanic
US Orléans,France,French,Romance
E. Frankfurt,Germany,German,Germanic
KAC Kénitra,Morocco,French,Romance
Real Valladolid,Spain,Spanish,Romance
USM Algier,Algeria,French,Romance
Terek Grozny,Russia,Russian,Slavic
Sanliurfaspor ,Turkey,Turkish,Turkic
Empoli U19,Italy,Italian,Romance
AJ Auxerre,France,French,Romance
KF Tirana,Albania,Albanian,Albanian
FC Wettswil,Switzerland,0,0
CRB,Brazil,Portuguese,Romance
Dalkurd FF,Sweden,Swedish,Germanic
LB Châteauroux,France,French,Romance
Boavista Porto,Portugal,Portuguese,Romance
Sloboda Uzice,Serbia,Serbian,Slavic
Debrecen,Hungary,Hungarian,Ugric
Puskás AFC,Hungary,Hungarian,Ugric
FC Sursee,Switzerland,0,0
FC Chelsea,England,English,Germanic
AC Sementina,Switzerland,0,0
AO Xanthi,Greece,Greek,Hellenic
Etoile Carouge,Switzerland,0,0
Sepsi OSK,Romania,Romanian,Romance
BSC Young Boys,Switzerland,0,0
CA Unión,Argentina,Spanish,Romance
AC Bellinzona U18,Switzerland,0,0
NT Zhiyun,China,Chinese,Sinitic
Le Mans FC,France,French,Romance
Dubai CSC,United Arab Emirates,Arabic,Semitic
FC Lugano,Switzerland,0,0
Calcio Como,Italy,Italian,Romance
Iskra-Stali,Moldova,Romanian,Romance
Hellas Verona,Italy,Italian,Romance
AC Ravecchia,Switzerland,0,0
CD Toledo,Spain,Spanish,Romance
AZ Alkmaar,Netherlands,Dutch,Germanic
FC Emmen,Netherlands,Dutch,Germanic
Bassano,Italy,Italian,Romance
UD San Fernando,Spain,Spanish,Romance
Milano City,Italy,Italian,Romance
Dijon,France,French,Romance
FC Prishtina,Kosovo,Albanian,Albanian
Leeds United,England,English,Germanic
Stoke U23,England,English,Germanic
Zaglebie Lubin,Poland,Polish,Slavic
FC Ashdod,Israel,Hebrew,Semitic
KRC Genk ,Belgium,French,Romance
FC Besa,Kosovo,Albanian,Albanian
Akad. Pandev,North Macedonia,Macedonian,Slavic
SC YF Juventus,Switzerland,0,0
R. B. Linense,Spain,Spanish,Romance
St. Gallen U21,Switzerland,0,0
Olymp. Genève,Switzerland,0,0
FC Schötz,Switzerland,0,0
Sporting Gijón,Spain,Spanish,Romance
Livingston FC,Scotland,English,Germanic
KF Feronikeli,Kosovo,Albanian,Albanian
Varese,Italy,Italian,Romance
EN Paralimniou,Cyprus,Greek,Hellenic
Chaux-de-Fonds,Switzerland,0,0
FCI,Estonia,Estonian,Finnic
Independente-SP,Brazil,Portuguese,Romance
Desportivo Aves,Portugal,Portuguese,Romance
Dinamo Minsk,Belarus,Russian,Slavic
Villa Nova AC,Brazil,Portuguese,Romance
SSC Bari,Italy,Italian,Romance
Ceres-Negros FC,Philippines,Filipino,Unknown
VfB Stuttgart,Germany,German,Germanic
BJ Guoan,China,Chinese,Sinitic
Sonnenhof-Gr.,Germany,German,Germanic
Granada B,Spain,Spanish,Romance
Vålerenga,Norway,Norwegian,Germanic
NK Domzale,Slovenia,Slovene,Slavic
Olymp. Lyon U19,France,French,Romance
FC Reading,England,English,Germanic
FC Porza,Switzerland,0,0
FC Wangen b. O.,Switzerland,0,0
AC Pisa,Italy,Italian,Romance
USC Paloma,Germany,German,Germanic
TP Mazembe,Congo,French,Romance
BSC Old Boys,Switzerland,0,0
Dynamo Kiew,Ukraine,Ukrainian,Slavic
FC Dornbirn,Austria,German,Germanic
Lausanne-Sport,Switzerland,0,0
BSK Borca,Serbia,Serbian,Slavic
Gaziantep BB,Turkey,Turkish,Turkic
Quakes,United States,English,Germanic
ASC Gordola,Switzerland,0,0
Manisaspor,Turkey,Turkish,Turkic
KAS Eupen,Belgium,French,Romance
Nea Salamis,Cyprus,Greek,Hellenic
Celik Zenica,Bosnia-Herzegovina,Bosnian,Slavic
FC Weesen,Switzerland,0,0
AC Perugia,Italy,Italian,Romance
Wolfsberger AC,Austria,German,Germanic
KFC Uerdingen,Germany,German,Germanic
Hamburger SV,Germany,German,Germanic
AS Dakar Sacré Coeur,Senegal,French,Romance
Ferencváros,Hungary,Hungarian,Ugric
Halmstad,Sweden,Swedish,Germanic
Excelsior,Netherlands,Dutch,Germanic
West Ham Utd.,England,English,Germanic
Sambenedettese,Italy,Italian,Romance
Sydney FC,Australia,English,Germanic
F. Düsseldorf,Germany,German,Germanic
Pazova,Serbia,Serbian,Slavic
Monte Azul-SP,Brazil,Portuguese,Romance
Calcio Padova,Italy,Italian,Romance
Pr. Niederkorn,Luxembourg,Luxembourgish,Germanic
Sheriff,Moldova,Romanian,Romance
Sopot,Poland,Polish,Slavic
FC Córdoba,Spain,Spanish,Romance
Beerschot V.A.,Belgium,French,Romance
Colorado Rapids,United States,English,Germanic
U. de Chile,Chile,Spanish,Romance
Roda JC,Netherlands,Dutch,Germanic
FC Sion U21,Switzerland,0,0
Bnei Sachnin,Israel,Hebrew,Semitic
Gimnàstic,Spain,Spanish,Romance
Ararat Erewan,Armenia,Armenian,Armenian
FC Ebikon,Switzerland,0,0
FC Locarno,Switzerland,0,0
FC Chiasso,Switzerland,0,0
FK Partizani,Albania,Albanian,Albanian
FC Getafe B,Spain,Spanish,Romance
FC Dordrecht,Netherlands,Dutch,Germanic
De Graafschap,Netherlands,Dutch,Germanic
1º de Agosto,Angola,Portuguese,Romance
Formentera,Spain,Spanish,Romance
FC Basel U18,Switzerland,0,0
Ternana,Italy,Italian,Romance
FC Bologna,Italy,Italian,Romance
FC Kreuzlingen,Switzerland,0,0
AS Pikine,Senegal,French,Romance
Liverpool FC,England,English,Germanic
Rayo Vallecano,Spain,Spanish,Romance
M. Tel Aviv,Israel,Hebrew,Semitic
Tromsø IL,Norway,Norwegian,Germanic
RB Leipzig,Germany,German,Germanic
FC Astana,Kazakhstan,Kazakh,Turkic
Hamilton Acad.,Scotland,English,Germanic
Hammarby,Sweden,Swedish,Germanic
Werder Bremen,Germany,German,Germanic
FC Emmenbrücke,Switzerland,0,0
SC Zofingen,Switzerland,0,0
Cremonese,Italy,Italian,Romance
Mirassol-SP,Brazil,Portuguese,Romance
St. Gallen U18,Switzerland,0,0
Aargau U18,Switzerland,0,0
Bor. M'gladbach,Germany,German,Germanic
FC Lausanne-Sport,Switzerland,0,0
BB Erzurumspor,Turkey,Turkish,Turkic
KF Teuta,Albania,Albanian,Albanian
Tricordiano-MG,Brazil,Portuguese,Romance
Figueirense FC,Brazil,Portuguese,Romance
R. Majadahonda,Spain,Spanish,Romance
La Vitréenne FC,France,French,Romance
Syrianska FC,Sweden,Swedish,Germanic
FC Dallast,United States,English,Germanic
Defensor,Uruguay,Spanish,Romance
FC Arsenal,England,English,Germanic
Inter U19,Italy,Italian,Romance
Newell's II,Argentina,Spanish,Romance
Rac. Santander,Spain,Spanish,Romance
IFK Mariehamn,Finland,Finnish,Finnic
FC Santos,Brazil,Portuguese,Romance
Grenoble,France,French,Romance
Stade-Lausanne,Switzerland,0,0
AS Monaco B,France,French,Romance
Bradford City,England,English,Germanic
Carpi,Italy,Italian,Romance
Grasshoppers,Switzerland,0,0
FC Eindhoven,Netherlands,Dutch,Germanic
FC Wohlen,Switzerland,0,0
Rapid Bukarest,Romania,Romanian,Romance
Jagodina,Serbia,Serbian,Slavic
AC Florenz,Italy,Italian,Romance
PFC Beroe ,Bulgaria,Bulgarian,Slavic
FC Vaduz U18,Switzerland,0,0
Amiens SC,France,French,Romance
Honvéd,Hungary,Hungarian,Ugric
Antalyaspor,Turkey,Turkish,Turkic
Coritiba FC U20,Brazil,Portuguese,Romance
Feyenoord,Netherlands,Dutch,Germanic
CA Bastia,France,French,Romance
Zulte Waregem,Belgium,French,Romance
FC Fribourg,Switzerland,0,0
Estoril Praia,Portugal,Portuguese,Romance
Athletico-PR,Brazil,Portuguese,Romance
Vevey United,Switzerland,0,0
US Arbedo,Switzerland,0,0
B. Dortmund U19,Germany,German,Germanic
Club Africain,Tunisia,French,Romance
Górnik Zabrze,Poland,Polish,Slavic
FC Montréal,United States,English,Germanic
FC Vaduz,Switzerland,0,0
Real Saragossa,Spain,Spanish,Romance
Stallion FC,Philippines,Filipino,Unknown
Huachipato FC,Chile,Spanish,Romance
Pianese,Italy,Italian,Romance
Schweinfurt 05,Germany,German,Germanic
AS Monaco,France,French,Romance
River Plate,Argentina,Spanish,Romance
Beira-Mar,Portugal,Portuguese,Romance
FC Tuggen,Switzerland,0,0
FC Colombier,Switzerland,0,0
Wadi Degla ,Egypt,Arabic,Semitic
Olginatese,Italy,Italian,Romance
Austria Wien,Austria,German,Germanic
Viborg FF,Denmark,Danish,Germanic
Sporting,Portugal,Portuguese,Romance
MZ Hakka,China,Chinese,Sinitic
FC Gambarogno,Switzerland,0,0
Slaven Belupo,Croatia,Croatian,Slavic
Catania Calcio,Italy,Italian,Romance
TZ Yuanda,China,Chinese,Sinitic
SC Heerenveen,Netherlands,Dutch,Germanic
Umm Salal SC,Qatar,Arabic,Semitic
FC St. Gallen 1879,Switzerland,0,0
Norwich City,England,English,Germanic
Karriereende,Karriereende,Karriereende,Karriereende
Odense BK,Denmark,Danish,Germanic
Servette U21,Switzerland,0,0
Wolverhampton,England,English,Germanic
Olimpia,Paraguay,Spanish,Romance
Vit. Guimarães,Portugal,Portuguese,Romance
Sivasspor,Turkey,Turkish,Turkic
Servette U17,Switzerland,0,0
Vaduz II,Lichtenstein,German,Germanic
Philadelphia,United States,English,Germanic
Inter Zapresic,Croatia,Croatian,Slavic
FC Lugano U21,Switzerland,0,0
Lancy FC,Switzerland,0,0
Gil Vicente,Portugal,Portuguese,Romance
HJK Helsinki,Finland,Finnish,Finnic
Aargau U16,Switzerland,0,0
Vereinslos,Vereinslos,Vereinslos,Vereinslos
FC Malcantone,Switzerland,0,0
FC Fidene,Italy,Italian,Romance
AS Cannes,France,French,Romance
KF Vllaznia,Albania,Albanian,Albanian
Al-Taawon,Saudi Arabia,Arabic,Semitic
Tubarão-SC,Brazil,Portuguese,Romance
Stade Gabèsien,France,French,Romance
E. Braunschweig,Germany,German,Germanic
FC Turin,Italy,Italian,Romance
GFC Ajaccio,France,French,Romance
Catanzaro,Italy,Italian,Romance
Arsenal U21,England,English,Germanic
FC Tours,France,French,Romance
Brighton & Hove,England,English,Germanic
CD Leganés,Spain,Spanish,Romance
FC Solothurn,Switzerland,0,0
Union Berlin,Germany,German,Germanic
FC Thun,Switzerland,0,0
Timbers,United States,English,Germanic
Leixões,Portugal,Portuguese,Romance
BSC YB U18,Switzerland,0,0
NEC Nijmegen,Netherlands,Dutch,Germanic
NY Cosmos,USA,English,Germanic
Lazio Rom,Italy,Italian,Romance
AC Ajaccio,France,French,Romance
LOSC Lille,France,French,Romance
PAS Giannina,Greece,Greek,Hellenic
Macva,Serbia,Serbian,Slavic
Dynamo Dresden,Germany,German,Germanic
Metalac,Serbia,Serbian,Slavic
Stade Brest 29,France,French,Romance
FC Zürich U21,Switzerland,0,0
CF Pachuca,Mexico,Spanish,Romance
J'ville Armada,USA,English,Germanic
Team Vaud U18,Switzerland,0,0
Inverness Cal.,Scotland,English,Germanic
AC Arles,France,French,Romance
Siroki Brijeg,Bosnia-Herzegovina,Bosnian,Slavic
Neftchi Baku,Azerbaijan,Azerbaijani,Turkic
Partizan,Serbia,Serbian,Slavic
RCD Mallorca,Spain,Spanish,Romance
Admira Wacker,Austria,German,Germanic
AFC Astra,Romania,Romanian,Romance
NK Zadar ,Croatia,Croatian,Slavic
FC Sion U18,Switzerland,0,0
Rubin Kazan,Russia,Russian,Slavic
Rapid Lugano,Switzerland,0,0
Spartak Moskau,Russia,Russian,Slavic
Cibalia,Croatia,Croatian,Slavic
Spezia Calcio,Italy,Italian,Romance
Panionios,Greece,Greek,Hellenic
Siena,Italy,Italian,Romance
FC Baulmes,Switzerland,0,0
Neuweg,France,French,Romance
M. Petah Tikva,Israel,Hebrew,Semitic
Benfica,Portugal,Portuguese,Romance
FC Mendrisio,Switzerland,0,0
Liberty Prof.,Ghana,Asante,0
Vestsjaelland,Denmark,Danish,Germanic
Puerto Rico FC,Puerto Rico,Spanish,Romance
SC Bastia,France,French,Romance
US Palermo,Italy,Italian,Romance
Chelsea U23,England,English,Germanic
Konyaspor,Turkey,Turkish,Turkic
Greuther Fürth,Germany,German,Germanic
VfR Aalen,Germany,German,Germanic
Neapel U19,Italy,Italian,Romance
Eastern Sub.,New Zealand,English,Germanic
Wehen Wiesbaden,Germany,German,Germanic
FC City,England,English,Germanic
Vedeggio,Switzerland,0,0
Kalmar FF,Sweden,Swedish,Germanic
Petrolul,Romania,Romanian,Romance
FC Balzers,Switzerland,0,0
AC Taverne,Switzerland,0,0
Barca U19,Spain,Spanish,Romance
Hamburger SV II,Germany,German,Germanic
FC Luzern,Switzerland,0,0
VfL Wolfsburg,Germany,German,Germanic
Novara U19,Italy,Italian,Romance
Gaziantepspor,Turkey,Turkish,Turkic
Middlesbrough,England,English,Germanic
WSG Tirol,Austria,German,Germanic
Petro Luanda,Angola,Portuguese,Romance
Chievo Verona,Italy,Italian,Romance
MFM FC,Nigeria,English,Germanic
LR Vicenza,Italy,Italian,Romance
FC Granada,Spain,Spanish,Romance
Y. Malatyaspor,Turkey,Turkish,Turkic
Malcantone Agno,Switzerland,0,0
AS Cittadella,Italy,Italian,Romance
FC Aesch,Switzerland,0,0
Vicenza,Italy,Italian,Romance
Eskisehirspor,Turkey,Turkish,Turkic
Amarante,Portugal,Portuguese,Romance
Sabah FK,Azerbaijan,Azerbaijani,Turkic
Stade Nyonnais,Switzerland,0,0
El Mokawloon,Egypt,Arabic,Semitic
Goiás EC,Brazil,Portuguese,Romance
M'gladbach II,Germany,German,Germanic
Apollon Smyrnis,Greece,Greek,Hellenic
FC Sierre,Switzerland,0,0
AS Rom,Italy,Italian,Romance
TSG Hoffenheim,Germany,German,Germanic
FC Köniz,Switzerland,0,0
FC Ascona,Switzerland,0,0
Al-Fateh,Saudi Arabia,Arabic,Semitic
KV Kortrijk,Belgium,French,Romance
SKN St. Pölten,Austria,German,Germanic
Stade Reims,France,French,Romance
AE Larisa,Greece,Greek,Hellenic
Sampdoria,Italy,Italian,Romance
FC Zürich,Switzerland,0,0
FC Donneloye,Switzerland,0,0
KAA Gent,Belgium,French,Romance
OFK Belgrad U19,Serbia,Serbian,Slavic
Atal. Bergamo,Italy,Italian,Romance
AJ Auxerre B,France,French,Romance
FC Alle,Switzerland,0,0
GC Zürich U18,Switzerland,0,0
Royal Mouscron,Belgium,French,Romance
Swansea City,England,English,Germanic
Belenenses SAD,Portugal,Portuguese,Romance
Willem II,Netherlands,Dutch,Germanic
FC Cádiz,Spain,Spanish,Romance
Sporting U19,Portugal,Portuguese,Romance
ND Gorica,Slovenia,Slovene,Slavic
Anorthosis,Cyprus,Greek,Hellenic
Nîmes Olympique,France,French,Romance
Spartak Trnava,Slovakia,Slovak,Slavic
Flying Sports,Nigeria,English,Germanic
SC Paderborn,Germany,German,Germanic
Irapuato,Mexico,Spanish,Romance
Western Sydney,Australia,English,Germanic
San Severo,Italy,Italian,Romance
Wolfsburg II,Germany,German,Germanic
Vélez U20,Argentina,Spanish,Romance
Ethnikos,Greece,Greek,Hellenic
Miedz Legnica,Poland,Polish,Slavic
Ajax Amsterdam,Netherlands,Dutch,Germanic
Hertha BSC,Germany,German,Germanic
Rudar Prijedor,Bosnia-Herzegovina,Bosnian,Slavic
Umeå FC,Sweden,Swedish,Germanic
FC Dietikon,Switzerland,0,0
Badajoz 1905,Spain,Spanish,Romance
Toronto FC,United States,English,Germanic
Aalborg BK,Denmark,Danish,Germanic
Progresso,Uruguay,Spanish,Romance
AEL Limassol,Cyprus,Greek,Hellenic
Huracán,Columbia,Spanish,Romance
Tskhinvali,Georgia,Georgian,South Caucasian
Vila Nova FC,Brazil,Portuguese,Romance
Al-Shorta SC,Egypt,Arabic,Semitic
Sturm Graz,Austria,German,Germanic
Renhe Reserve,China,Chinese,Sinitic
Casa Pia,Portugal,Portuguese,Romance
Waasl.-Beveren,Belgium,French,Romance
Maccabi Netanya,Israel,Hebrew,Semitic
FC Thalwil,Switzerland,0,0
Ol. Marseille,France,French,Romance
ES Sahel,Tunisia,French,Romance
SC Freiburg II,Germany,German,Germanic
Rabotn. Skopje,North Macedonia,Macedonian,Slavic
AS Nancy,France,French,Romance
Perth Glory,Australia,English,Germanic
Hannover 96,Germany,German,Germanic
Etoile Filante,Burkina Faso,French,Romance
Zamora,Venezuela,Spanish,Romance
Stade Laval,France,French,Romance
SC Ritzing,Austria,German,Germanic
Juventus Turin,Italy,Italian,Romance
NK Ankaran,Slovenia,Slovene,Slavic
Rampla Jrs,Uruguay,Spanish,Romance
FC San Pedro,Ivory Coast,French,Romance
Arsenal FC II,England,English,Germanic
Vitesse Arnheim,Netherlands,Dutch,Germanic
IFK Norrköping,Sweden,Swedish,Germanic
FC Wacker,Austria,German,Germanic
CS Chênois,Switzerland,0,0
Hapoel Raanana,Israel,Hebrew,Semitic
Kecskeméti TE,Hungary,Hungarian,Ugric
VfB Auerbach,Germany,German,Germanic
Omonia Nikosia,Cyprus,Greek,Hellenic
Dundee FC,Scotland,English,Germanic
Pandurii ,Romania,Romanian,Romance
AEK Larnaka,Cyprus,Greek,Hellenic
Yverdon-Sport,Switzerland,0,0
FC Sevilla,Spain,Spanish,Romance
Niarry Tally,Senegal,French,Romance
Argentinos II,Argentina,Spanish,Romance
Aktobe,Kazakhstan,Kazakh,Turkic
Viktoria Pilsen,Czech Republic,Czech,Slavic
FC Baden,Switzerland,0,0
AS Kaloum,Guinea,French,Romance
FC Postojna,Slovenia,Slovene,Slavic
FC Linth 04,Switzerland,0,0
Enppi SC,Egypt,Arabic,Semitic
Travnik,Bosnia-Herzegovina,Bosnian,Slavic
FC Sion,Switzerland,0,0
FC Valenciennes,France,French,Romance
Los Angeles FC,United States,English,Germanic
FC Andorra,Spain,Spanish,Romance
FC Metz,France,French,Romance
VVV-Venlo,Netherlands,Dutch,Germanic
Enisey,Russia,Russian,Slavic
 AS Castello,Switzerland,0,0
Unbekannt,Unbekannt,Unbekannt,Unbekannt
Albacete,Spain,Spanish,Romance
FC Biel-Bienne,Switzerland,0,0
1860 München,Germany,German,Germanic
FC Serrières,Switzerland,0,0
FC Drita,Kosovo,Albanian,Albanian
UR La Louvière,Belgium,French,Romance
SR Delémont,Switzerland,0,0
B. München II,Germany,German,Germanic
Akhisar Belediye,Turkey,Turkish,Turkic
Parma,Italy,Italian,Romance
Frosinone Calc.,Italy,Italian,Romance
Kawkab Marrakech,Morocco,French,Romance
NK Aluminij,Slovenia,Slovene,Slavic
Deportivo Lara,Venezuela,Spanish,Romance
United Zürich,Switzerland,0,0
PAOK Saloniki,Greece,Greek,Hellenic
1.FSV Mainz 05,Germany,German,Germanic
EC Bahia,Brazil,Portuguese,Romance
1.FC Köln II,Germany,German,Germanic
Peñarol,Uruguay,Spanish,Romance
Novara Calcio,Italy,Italian,Romance
Melbourne Vict.,Australia,English,Germanic
Grosseto,Italy,Italian,Romance
ZSKA Moskau,Russia,Russian,Slavic
RSC Anderlecht,Belgium,French,Romance
FC Zürich U18,Switzerland,0,0
NE Xamax,Switzerland,0,0
Hapoel Tel Aviv,Israel,Hebrew,Semitic
Dep. Alavés,Spain,Spanish,Romance
FC Porto,Portugal,Portuguese,Romance
Heart of Midl.,Scotland,English,Germanic
Piacenza,Italy,Italian,Romance
SCO Angers,France,French,Romance
JS Suning,China,Chinese,Sinitic
A. Lustenau,Austria,German,Germanic
Montreal Impact,United States,English,Germanic
FCC II,Switzerland,0,0
Giulianova,Italy,Italian,Romance
Twente Enschede,Netherlands,Dutch,Germanic
Arapongas,Brazil,Portuguese,Romance
Arzanese,Italy,Italian,Romance
Thonon Évian,France,French,Romance
FC Konolfingen,Switzerland,0,0
NAC Breda,Netherlands,Dutch,Germanic
BEJUNE U18,Switzerland,0,0
AC Vallemaggia,Switzerland,0,0
Skonto,Latvia,Latvian,Baltic
Yangon Utd.,Myanmar,Portuguese,Romance
Ruch Chorzow,Poland,Polish,Slavic
UD Logroñés,Spain,Spanish,Romance
Delfino Pescara,Italy,Italian,Romance
Kiryat Shmona,Israel,Hebrew,Semitic
FC Diessenhofen,Switzerland,0,0
Neuchâtel Xamax FCS,Switzerland,0,0
Meyrin FC,Switzerland,0,0
Ittihad,Saudi Arabia,Arabic,Semitic
Xamax,Switzerland,0,0
Inter Baku,Azerbaijan,Azerbaijani,Turkic
BATE Borisov,Belarus,Russian,Slavic
Nacional,Uruguay,Spanish,Romance
São Carlos,Brazil,Portuguese,Romance
FC Corcelles,Switzerland,0,0
Lech Posen,Poland,Polish,Slavic
Sport. Cristal,Peru,Spanish,Romance
Zorya Lugansk,Ukraine,Ukrainian,Slavic
FK Indjija,Serbia,Serbian,Slavic
Independiente,Argentina,Spanish,Romance
Spartaks,Russia,Russian,Slavic
FC Aigle,Switzerland,0,0
Vélez II,Argentina,Spanish,Romance
Radnik,Serbia,Serbian,Slavic
CS Sfaxien,Tunisia,French,Romance
FC Valencia,Spain,Spanish,Romance
SC Braga B,Portugal,Portuguese,Romance
Mersin IY,Turkey,Turkish,Turkic
FC St. Gallen,Switzerland,0,0
Mineros,Venezuela,Spanish,Romance
Caracas FC,Venezuela,Spanish,Romance
FC Le Mans B,France,French,Romance
FC Basel U21,Switzerland,0,0
Ermis Aradippou,Cyprus,Greek,Hellenic
Rimyongsu SC,Costa Rica,Spanish,Romance
FC Bassecourt,Switzerland,0,0
Rapperswil-Jona,Switzerland,0,0
Austria Wien II,Austria,German,Germanic
Monza,Italy,Italian,Romance
Oldham Athletic,England,English,Germanic
Cercle Brügge,Belgium,French,Romance
Stuttg. Kickers,Germany,German,Germanic
Chern. Burgas,Bulgaria,Bulgarian,Slavic
Boca Juniors,Argentina,Spanish,Romance
Slask Wroclaw,Poland,Polish,Slavic
Dinamo Tiflis,Georgia,Georgian,South Caucasian
FK Ufa,Russia,Russian,Slavic
FC Schaffhausen,Switzerland,0,0
Betis Sevilla,Spain,Spanish,Romance
FK Orenburg,Russia,Russian,Slavic
FC Everton,England,English,Germanic
Xamax Jugend,Switzerland,0,0
Urania Genève,Switzerland,0,0
FC Bavois,Switzerland,0,0
Valencia B,Spain,Spanish,Romance
Sampdoria U19,Italy,Italian,Romance
B. Jerusalem,Israel,Hebrew,Semitic
União Madeira,Portugal,Portuguese,Romance
SC Brühl SG,Switzerland,0,0
Team Ticino U18,Switzerland,0,0
FC Toulouse,France,French,Romance
US Sassuolo,Italy,Italian,Romance
Arm. Bielefeld,Germany,German,Germanic
SC Balerna,Switzerland,0,0
Team Vaud U21,Switzerland,0,0
Argentina,Argentina,Spanish,Romance
Adelaide United,Australia,English,Germanic
AFC Eskilstuna,Sweden,Swedish,Germanic
Bor. Dortmund,Germany,German,Germanic
Olympique Lyon,France,French,Romance
FC Empoli,Italy,Italian,Romance
CD Tondela,Portugal,Portuguese,Romance
Stade-Payerne,Switzerland,0,0
Saint-Étienne B,France,French,Romance
Radnicki Nis,Serbia,Serbian,Slavic
Arsenal U23,England,English,Germanic
FC Muri,Switzerland,0,0
CD Guadalajara,Mexico,Spanish,Romance
FC Black Stars,Switzerland,0,0
SC Buochs,Switzerland,0,0
Chieti,Italy,Italian,Romance
FC Dürrenast,Switzerland,0,0
Servette FC,Switzerland,0,0
Sanremese ,Italy,Italian,Romance
Juventus U19,Italy,Italian,Romance
Tractor,Iran,Persian Farsi,Indo-Iranian
Piast Gliwice,Poland,Polish,Slavic
MSV Duisburg,Germany,German,Germanic
Rapid Wien,Austria,German,Germanic
AFC Sunderland,England,English,Germanic
Xamax II,Switzerland,0,0
Pau FC,France,French,Romance
US Boulogne,France,French,Romance
Olymp. Piräus,Greece,Greek,Hellenic
Mladost,Serbia,Serbian,Slavic
Albirex Niigata,Japan,Japanese,Japonic
Acad. Coimbra,Portugal,Portuguese,Romance
Le Locle Sports,Switzerland,0,0
Minnesota Utd.,United States,English,Germanic
Fluminense U20,Brazil,Portuguese,Romance
Eschen-Mauren,Switzerland,0,0
Ruzomberok,Slovakia,Slovak,Slavic
Venezia,Italy,Italian,Romance
SC Düdingen,Switzerland,0,0
SV Kapfenberg,Austria,German,Germanic
Atlético-GO,Brazil,Portuguese,Romance
NK Olimpija,Slovenia,Slovene,Slavic
Slavia Prag,Czech Republic,Czech,Slavic
Barcelona SC,Ecuador,Spanish,Romance
Sliema Wander.,Malta,Maltese,Semitic
1.FC Nürnberg,Germany,German,Germanic
SV Höngg,Switzerland,0,0
Toronto FC II,Canada,English,Germanic
TSV Hartberg,Austria,German,Germanic
Altay SK,Turkey,Turkish,Turkic
Hallescher FC,Germany,German,Germanic
Stand. Lüttich,Belgium,French,Romance
OFK Belgrad,Serbia,Serbian,Slavic
Levski Sofia,Bulgaria,Bulgarian,Slavic
Kasimpasa,Turkey,Turkish,Turkic
FC Echallens,Switzerland,0,0
Karlsruher SC,Germany,German,Germanic
Metropolitano,Venezuela,Spanish,Romance
Nordsjaelland,Denmark,Danish,Germanic
Vancouver,United States,English,Germanic
Columbus Crew,United States,English,Germanic
Carl Zeiss Jena,Germany,German,Germanic
Fortuna Sittard,Netherlands,Dutch,Germanic
RB Salzburg,Austria,German,Germanic
Dinamo Zagreb,Croatia,Croatian,Slavic
R. Straßburg,France,French,Romance
Sunshine Stars,Nigeria,English,Germanic
Pune City,India,Hindi,Indo-Iranian
FC Málaga,Spain,Spanish,Romance
Fluminense,Brazil,Portuguese,Romance
Aston Villa,England,English,Germanic
Luzern U18,Switzerland,0,0
Napredak,Serbia,Serbian,Slavic
FC Wil 1900,Switzerland,0,0
Revolution,United States,English,Germanic
SV Ried,Austria,German,Germanic
Slo. Bratislava,Slovakia,Slovak,Slavic
Thun U21,Switzerland,0,0
SO Cholet,France,French,Romance
FC Barnsley,England,English,Germanic
Platanias,Greece,Greek,Hellenic
FC Münsingen,Switzerland,0,0
Team Vaud U16,Switzerland,0,0
Atalanta U19,Italy,Italian,Romance
SD Huesca,Spain,Spanish,Romance
FC St. Pauli,Germany,German,Germanic
Hibernian FC,Scotland,English,Germanic
CD Alcoyano,Spain,Spanish,Romance
FC Paradiso,Switzerland,0,0
ASEC Mimosas,Ivory Coast,French,Romance
CD Teneriffa,Spain,Spanish,Romance
H. Kfar Saba,Israel,Hebrew,Semitic
FK Ventspils,Latvia,Latvian,Baltic
Panathinaikos,Greece,Greek,Hellenic
Haugesund,Norway,Norwegian,Germanic
AC Mailand,Italy,Italian,Romance
Avaí FC,Brazil,Portuguese,Romance
Ismaily,Egypt,Arabic,Semitic
ES Zarzis,Tunisia,French,Romance
Kabuscorp SC,Angola,Portuguese,Romance
Alanyaspor,Turkey,Turkish,Turkic
pausiert,pausiert,pausiert,pausiert
Cracovia ,Poland,Polish,Slavic
AS St.-Étienne,France,French,Romance
Al-Batin,Saudi Arabia,Arabic,Semitic
Galatasaray,Turkey,Turkish,Turkic
Rio Ave FC,Portugal,Portuguese,Romance
Fenerbahce,Turkey,Turkish,Turkic
Bisceglie,Italy,Italian,Romance
Mérida AD,Spain,Spanish,Romance
G. Bordeaux,France,French,Romance
Azzurri LS,Switzerland,0,0
Maccabi Haifa,Israel,Hebrew,Semitic
B. Banja Luka,Bosnia-Herzegovina,Bosnian,Slavic